Category	Name	Link	English content	French content	Image eng	Image fr	Contact
1	Semaine de la durabilit√©	https://semaine-durable.unipoly.ch/	Sustainability Week is the largest student sustainability project in Switzerland. It takes place every spring semester on the UNILEPFL campus. It aims to raise students' awareness of sustainability and ecological issues.	La Semaine de la Durabilit√© est le plus grand projet de durabilit√© √©tudiant.e en Suisse. Elle a lieu chaque semestre de printemps sur le campus UNILEPFL. Elle a pour but de sensibiliser les √©tudiant¬∑e¬∑x¬∑s aux questions de durabilit√© et d‚Äô√©cologie	Semaine_de_la_durabilit√© transparent.png	Semaine_de_la_durabilit√© transparent.png	sd@unipoly.ch
1	CSAW (Climate & Sustainability Action Week)	https://www.epfl.ch/about/sustainability/sustainability-in-education/climate-and-sustainability-action-week-csaw/	CSAW is a non credited 1 week summer school cocreated by UNIL and EPFL students and staff. The school is open to Bachelor, Master and PhD students from UNIL and EPFL. It aims to empower students to become change agents by providing them with practices and tools for self-awareness, collaboration and system change.	La CSAW est une √©cole d‚Äô√©t√© sur une semaine (non-cr√©dit√©e) co-cr√©√©e par des √©tudiant¬∑es et des collaborateur¬∑rices de l‚ÄôUNIL et de l‚ÄôEPFL et ouverte aux √©tudiant¬∑es Bachelor, Master et PhD de l‚ÄôUNIL et de l‚ÄôEPFL. La CSAW vise √† donner des moyens d‚Äôagir aux √©tudiant¬∑es √† devenir des acteur¬∑ices du changement en leur transmettant des pratiques et outils de connaissance de soi, de collaboration et de changements syst√©miques	Final CSAW_transparent.png	Final CSAW_transparent.png	csaw@epfl.ch
1	UNIL IMD EPFL sustainability portal	https://sustainabilityportal.ch/	The Sustainability Portal aims to foster collaboration and synergy among researchers, academicians, startups, and student associations across UNIL, IMD and EPFL. By creating a common ground for sharing sustainability projects, the portal seeks to facilitate efforts in addressing environmental and societal challenges at a systemic level.	Le Portail de Durabilit√© vise √† favoriser la collaboration et la synergie entre les chercheurs, les universitaires, les start-ups et les associations √©tudiantes de l'UNIL, de l'IMD et de l'EPFL. En cr√©ant un terrain commun pour partager des projets de durabilit√©, le portail cherche √† faciliter les efforts visant √† relever les d√©fis environnementaux et soci√©taux √† un niveau syst√©mique.	sustainability portal.png	sustainability portal.png	
1	le canard hupp√©	https://journal.unipoly.ch/	Le Canard Hupp√© is a publication crafted by amateur journalists, offering individuals the chance to cultivate their talents in areas such as article writing, video production, podcast recording, and a multitude of other media forms. The core focus of this newspaper is an extensive array of environmental subjects, including politics, economics, technology, society, psychology, spirituality, and beyond.	Produit par des amateurices de journalisme, le journal permet, √† toute personne qui le souhaite de s‚Äôessayer √† la r√©daction d‚Äôarticle, √† la cr√©ation de vid√©os, √† l‚Äôenregistrement de podcasts et tout autre medium. Les sujets de publication portent principalement sur les th√©matiques environnementales au sens large (politique, √©conomique, technique, soci√©tal, psychologique, spirituelle, etc.)	le_canard_huppe_logo.png	le_canard_huppe_logo.png	journal@unipoly.ch
1	Coaching in Sustainability	https://people.epfl.ch/michka.melo	A team of coaches available to support students in acquiring the skills and networks necessary to work in the field of sustainability during their studies or after graduation."	Une √©quipe de coachs √† disposition pour soutenir les √©tudiant¬∑es dans l'acquisition des comp√©tences et r√©seaux n√©cessaires pour travailler au service de la durabilit√© durant leurs √©tudes ou une fois dipl√¥m√©¬∑es.	Coaching sustainability.png	Coaching sustainability_fr.png	sustainability@epfl.ch
1	EPFL Courses	https://www.epfl.ch/about/sustainability/fr/durabilite-dans-leducation/programmes-detudes-cours-et-moocs/	EPFL offers over 150 sustainability-related classes at both Bachelor's and Master's level	L'EPFL propose plus de 150 cours li√©s √† la durabilit√©, au niveau Bachelor et Master	epfl_course.png	epfl_course_fr.png	sustainability@epfl.ch
1	Fresque du num√©rique	https://www.epfl.ch/about/sustainability/fr/communaute-sensibilisation/fresques/	The fresks are fun, collaborative and creative 3 hours workshops meant to raise awareness about environmental issues, and based on collective intelligence. the workshop available are the Climate Fresk, Biodiversity Fresks and Digital Collage.	Les fresques sont des ateliers de 3h, ludiques, collaboratifs et cr√©atifs pour sensibiliser aux enjeux environnementaux, bas√©s sur l‚Äôintelligence collective et extr√™mement p√©dagogiques. Les ateliers propos√©s sont la Fresque du Climat, de la Biodiversit√© et du Num√©rique	Fresque du numerique.png	Fresque du numerique.png	 louis.cousturian@epfl.ch
1	Fresque de la biodiversit√©	https://www.epfl.ch/about/sustainability/fr/communaute-sensibilisation/fresques/	The fresks are fun, collaborative and creative 3 hours workshops meant to raise awareness about environmental issues, and based on collective intelligence. the workshop available are the Climate Fresk, Biodiversity Fresks and Digital Collage.	Les fresques sont des ateliers de 3h, ludiques, collaboratifs et cr√©atifs pour sensibiliser aux enjeux environnementaux, bas√©s sur l‚Äôintelligence collective et extr√™mement p√©dagogiques. Les ateliers propos√©s sont la Fresque du Climat, de la Biodiversit√© et du Num√©rique	Fresque de la biodiversite.png	Fresque de la biodiversite.png	 louis.cousturian@epfl.ch
1	Fresque du climat	https://www.epfl.ch/about/sustainability/fr/communaute-sensibilisation/fresques/	The fresks are fun, collaborative and creative 3 hours workshops meant to raise awareness about environmental issues, and based on collective intelligence. the workshop available are the Climate Fresk, Biodiversity Fresks and Digital Collage.	Les fresques sont des ateliers de 3h, ludiques, collaboratifs et cr√©atifs pour sensibiliser aux enjeux environnementaux, bas√©s sur l‚Äôintelligence collective et extr√™mement p√©dagogiques. Les ateliers propos√©s sont la Fresque du Climat, de la Biodiversit√© et du Num√©rique	Fresque du climat.png	Fresque du climat.png	 louis.cousturian@epfl.ch
2	Sports Universitaires Lausanne	https://sport.unil.ch/	The Lausanne University Sports (SUL) offer a variety of physical activities and sports to members of the University and the Swiss Federal Institute of Technology in Lausanne (EPFL) community in the fantastic setting of the University Sports Center at Dorigny.	Les Sports Universitaires Lausanne (SUL) proposent des activit√©s physiques vari√©es et du sport aux membres de la communaut√© de l‚ÄôUniversit√© et de l‚Äô√âcole polytechnique f√©d√©rale de Lausanne dans le fantastique cadre du Centre sportif universitaire de Dorigny.	logo-centresports.png	logo-centresports.png	sports@unil.ch
2	Espace-Transitions	https://www.unil.ch/espace-transitions/fr/home.html	The Espace Transitions is a project established to welcome reflections and feelings on sustainability issues, and subsequently, to offer support in taking action to help you find a project that suits you and/or provide you with tools to realize your own. To this end, the team will be present to welcome you for a meal and discussion every Thursday from 12:15 PM to 1:45 PM at the Transitions Space.	L'espace transitions (ET) est un projet du Centre de comp√©tences en durabilit√© de l'UNIL. Il vise √† soutenir le d√©veloppement de comp√©tences √©motionnelles en lien aux enjeux de durabilit√©. Pour cela, plusieurs activit√©s sont propos√©es - des conf√©rences et des ateliers, ainsi que des moments libres de partages. L'√©quipe r√©pond aussi volontiers aux besoins de la communaut√© du campus sur ces questions, soutient les nouveaux projets et visibilise les projets d√©j√† existants. Le local de l'ET se situe au local 046 du b√¢timent du Vortex. Les activit√©s sont relay√©es sur le compte instagram @espace.transitions. Vous pouvez aussi nous contacter √† espace.transitions@unil.ch. Bienvenu¬∑e¬∑s !	logo ET Rond.png	logo ET Rond.png	espace.transitions@unil.ch
2	Trust and Support Network (TSN)	https://www.epfl.ch/campus/community/trust-and-support-network/	L'espace transitions (ET) is a project of the UNIL Sustainability Center of Competence. It aims to support the development of emotional skills related to sustainability issues. For this, several activities are offered - conferences and workshops, as well as free moments of sharing. The team also responds to the needs of the campus community on these issues, supports new projects and raises the profile of existing projects. The ET is located in room 046 of the Vortex building. The activities are relayed on the Instagram account @espace.transitions. You can also contact us at espace.transitions@unil.ch. Welcome!	Le R√©seau de Confiance et de Soutien de l'EPFL comprend, entre autres, le d√©partement des Affaires √©tudiantes, l'√âcole doctorale, le Bureau de l'√âgalit√© des chances, le Point Sant√©, la Personne de confiance et les responsables des ressources humaines. Il r√©unit des instances internes et externes de l'EPFL ayant pour mission de fournir une assistance initiale dans les situations de harc√®lement, de discrimination et d'autres risques psychosociaux.	Trust-support-network-epfl.png	Trust-support-network-epfl.png	ines.ariceta@epfl.ch
2	Mindfulness	https://www.epfl.ch/campus/security-safety/en/health/mental-health-well-being/well-being/mindfulness/	Free of charge from October to end of June every Tuesdays either in presence in room CO 011 or online. Either from 12h30 to 13h or 13h to 13h30. 2024: practices according to the four pillar of mental health designed by Prof. Richard Davidson: awareness, connexion, insight, meaning and values. Opening an account is required before registering into the sessions.	Gratuit d'octobre √† fin juin, chaque mardi soit en pr√©sentiel en salle CO 011 ou en ligne. A choix de 12h30 √† 13h ou de 13h √† 13h30. En 2024: pratiques des quatre piliers de la sant√© mentale de Prof. Richard Davidson: la conscience, la connexion, la compr√©hension de soi, le sens de la vie et les valeurs.Ouvrir un compte est n√©cessaire pour s'enregistrer aux sessions.	mindfulness.png	mindfulness.png	
2	Guided meditation	https://www.epfl.ch/campus/spiritual-care/activites/meditation/	Come and sit down, away from what scatters and hustle you, and reconnect with yourself. Come and take the time to close your eyes and appreciate the only moment we have the opportunity to live: the present one. The guided meditation times are intended to be humanistic, that is, open to the entire university community, regardless of the spiritual tradition of the participant. During 10-15‚Ä≤, indications are given (in French and English) then during the remaining 15-20‚Ä≤, it is complete silence.	Venez vous asseoir, loin de l‚Äô√©parpillement et de l‚Äôagitation, et vous reconnecter √† vous-m√™me. Venez prendre le temps de fermer les yeux et d‚Äôappr√©cier le seul moment qu‚Äôil nous soit donn√© de vivre: l‚Äôinstant pr√©sent. Les temps de m√©ditation guid√©e se veulent humanistes, c‚Äôest-√†-dire ouverts √† toute la communaut√© universitaire, peu importe la tradition spirituelle des participant¬∑e¬∑s. Pendant 10-15‚Ä≤, des indications sont donn√©es (en fran√ßais et en anglais) puis pendant les 15-20‚Ä≤ restantes, c‚Äôest le silence complet.	meditation.png	meditation_fr.png	alexandre.mayor@epfl.ch
2	For√™t de Dorigny	https://www.google.com/maps/place/For%C3%AAt+de+Dorigny/@46.5233077,6.578139,15z/data=!4m2!3m1!1s0x0:0x72d0e6ee0ae1dd4c?sa=X&ved=2ahUKEwiqx5nplcL-AhVPhf0HHTw7AHwQ_BJ6BAhVEAg	Located adjacent to campus, Dorigny forest provides a peaceful sanctuary for relaxation, hiking, and picnicking. It's also an excellent space to connect with nature and deepen your appreciation for the environment.	Situ√©e √† proximit√© du campus, la for√™t de Dorigny offre un sanctuaire paisible pour se d√©tendre, faire de la randonn√©e et pique-niquer. C'est √©galement un espace id√©al pour se connecter avec la nature et approfondir votre appr√©ciation de l'environnement.	forest.png	forest.png	
3	March√© EPFL	https://www.facebook.com/MarcheEPFL/	EPFL's weekly market on Mondays from 10 a.m. to 4 p.m. on the Esplanade.	March√© hebdomadaire de l'EPFL se d√©roulant le lundi de 10h √† 16h sur l'Esplanade.	marche.png	marche.png	marche@unipoly.ch
3	Epicerie coop√©rative le Vorace	https://levorace.ch/	Le Vorace is a cooperative grocery store dedicated to developing the region's social and economic fabric. Its main aim is to promote products from local, environmentally-friendly agriculture. In addition to food products, it offers a range of bulk products for everyday use.	Le Vorace est une √©picerie coop√©rative d√©di√©e au d√©veloppement du tissu social et √©conomique de la r√©gion. Son objectif principal est de promouvoir les produits issus d'une agriculture locale et respectueuse de l'environnement. En plus des produits alimentaires, elle propose une gamme de produits en vrac √† usage quotidien.	le_vorace_transparent.png	le_vorace_transparent.png	info@levorace.ch
3	Epilibre	https://unipoly.ch/epilibre-english/	Epilibre is the first EPFL grocery store offering organic, bulk and local products with a minimum of waste, managed by an EPFL association. It is located on the EPFL campus, in the hall of SV building.	Epilibre est la premi√®re √©picerie de l‚ÄôEPFL proposant des produits biologiques, en vrac et locaux avec un minimum de d√©chets, g√©r√©e par une association de l‚ÄôEPFL. Elle est situ√©e sur le campus de l‚ÄôEPFL, dans le hall du b√¢timent SV.	epilibre2.png	epilibre2.png	
3	180c	https://180c.ch/	180C is an association dedicated to promoting cooking at UNIL and EPFL. Its mission is to share a passion for cooking and make it simple, accessible, and sustainable for students.	180C est une association de promotion de la cuisine √† l‚ÄôUNIL et l‚ÄôEPFL. Elle a pour mission de partager la passion de la cuisine et de la rendre simple, accessible et durable pour les √©tudiant.e.s.	180c.png	180c.png	
3	Ferme de Bassenges	https://fermedebassenges.ch/	Ferme de Bassenges is a farm founded in 2020 by a group of young farmers and engineers. Located near EPFL and the SwissTech Convention Center, its primary mission is to engage in organic, biodynamic, and low-tech agriculture.	La Ferme de Bassenges est une ferme fond√©e en 2020 par un groupe de jeunes agriculteurs et d'ing√©nieurs. Situ√©e √† proximit√© de l'EPFL et du SwissTech Convention Center, sa principale mission est de se consacrer √† l'agriculture biologique, biodynamique et low-tech.	ferme de bassengers.png	ferme de bassengers.png	amnestyhel@asso-unil.ch
3	Castor Freegan	https://www.epfl.ch/campus/restaurants-shops-hotels/fr/le-castor-freegan/	The participatory project "Le castor Freegan" transforms unsold fruit and vegetables collected on the same day into a free-price dinner at the Rolex Learning Center. It's a student-run cafeteria designed to get students involved in joint projects. You can come and eat that evening, but you can also help to cook, serve or collect unsold produce.	Le projet participatif ‚ÄúLe castor Freegan‚Äù revalorise des invendus de fruits et l√©gumes r√©cup√©r√©s le jour m√™me en un d√Æner √† prix libre au Rolex Learning Center. C‚Äôest une caf√©t√©ria autog√©r√©e par des √©tudiant.es pour engager la participation des √©tudiant.es sur des projets communs. Tu pourras venir manger le soir m√™me mais aussi aider pour cuisiner, servir ou pour aller chercher les invendus.	Le_castor_logo.png	Le_castor_logo.png	comite@unipoly.ch
4	EPFL Changemakers	https://www.epfl.ch/innovation/students-innovation-lab/epfl-changemakers/	A 12-week program for students ready to embark on a great learning journey, boost their innovation and entrepreneurial skills, reflect on their impact, and turn their idea into real-life project.	Un programme de 12 semaines destin√© aux √©tudiants pr√™ts √† se lancer dans un grand voyage d'apprentissage, √† renforcer leurs comp√©tences en mati√®re d'innovation et d'entrepreneuriat, √† r√©fl√©chir sur leur impact, et √† transformer leur id√©e en un projet concret.	Changemakers_Logo.png	Changemakers_Logo.png	marius.aeberli@epfl.ch
4	Durabilis	https://www.epfl.ch/about/sustainability/sustainability-in-education/durabilis-award/	The Durabilis Award, introduced in March 2007, is given to student projects that explore issues related to sustainability. The competition is open to all Bachelor‚Äôs and Master‚Äôs students at EPFL and UNIL. Candidates must have obtained a minimum grade of 5 out of 6 to compete, and both individual and group projects are accepted. The Durabilis Award is supported by EPFL‚Äôs Vice Presidency for Responsible Transformation and by the Rectorate of the University of Lausanne.	Le prix Durabilis, lanc√© en mars 2007, prime des projets d‚Äô√©tudiantes ou d‚Äô√©tudiants qui int√®grent une r√©flexion sur la durabilit√©. Le concours est ouvert √† tout membre du corps estudiantin en cycle Bachelor et Master de l‚ÄôUNIL et de l‚ÄôEPFL ayant obtenu une note sup√©rieure √† 5 pour le travail soumis, qu‚Äôil soit individuel ou en groupe. Le prix Durabilis est soutenu par la Vice-pr√©sidence pour la transformation responsable (VPT) et par la Direction de l‚ÄôUniversit√© de Lausanne.	durabilis.jpg	durabilis.jpg	genevieve.rossier@epfl.ch
4	Make	https://www.epfl.ch/education/educational-initiatives/discovery-learning-program-2/interdisciplinary-projects/	The MAKE initiative makes it possible to integrate interdisciplinarity, project-based learning, experimentation and prototyping into students‚Äô curricula. The initiative provides teachers with Discovery Learning Labs (DLLs). Spaces including state-of-the-art equipment to offer practical work directly related to research or the industrial environment. Finally, the initiative also provides students (bachelor and master) with a professional consulting service and prototyping spaces to support them in the realization of their open projects.	L‚Äôinitiative MAKE permet d‚Äôint√©grer interdisciplinarit√©, apprentissage par projet, exp√©rimentation et prototypage au cursus des √©tudiantes et √©tudiants. L‚Äôinitiative met √† disposition des enseignantes et enseignants les Discovery Learning Labs (DLL). Des espaces comprenant des √©quipements de pointe permettant de proposer des travaux pratiques en lien direct avec la recherche ou le milieu industriel. Finalement, l‚Äôinitiative fournit √©galement aux √©tudiantes et √©tudiants (bachelor et master) un service de conseil professionnel et des espaces de prototypage pour les accompagner dans la concr√©tisation de leurs projets.	EPFL Make.png	EPFL Make.png	julien.delisle@epfl.ch
4	RebuiLT	https://rebuilt.cargo.site/	rebuiLT is a student-initiated MAKE project that aims to experiment and promote sustainable construction and the implementation of healthier and more frugal lifestyles. Based on the dynamics of the Low Tech Lab Lausanne, this project is taking shape with the construction of a community pavilion in Ecublens, enabling the implementation of construction solutions using reused or bio-sourced materials, low-tech technologies in an urban environment and a participatory construction approach with future users. Students work together to acquire both technical and human skills in a shared-governance organization.	rebuiLT est un projet MAKE d‚Äôinitiative √©tudiante qui a pour but d'exp√©rimenter et promouvoir la construction durable et la mise en pratique de modes de vie plus sains et sobres. Bas√© sur une dynamique du Low Tech Lab Lausanne, ce projet se concr√©tise avec la construction d'un pavillon communautaire √† Ecublens qui permet de mettre en place des solutions de construction avec des mat√©riaux de r√©emplois ou biosourc√©s, des technologies low-tech en milieu urbain et une d√©marche de construction participative avec les futur.e.s utilisateur.ice.s. Les √©tudiant.e.s collaborent pour acqu√©rir des comp√©tences tant techniques qu‚Äôhumaines dans une organisation en gouvernance partag√©e.	rebuilt_black.png	rebuilt_black.png	rebuiLT@unipoly.ch
4	SaiLowTech	https://sailowtech.ch/en/home-page/	‚ÄúRaising the voice of the Ocean‚Äù. This is the mission that the Sailowtech association has set itself! Sailowtech believes in the power of scientific discovery and the transmission of values for the preservation of the oceans and its inhabitants. Concretely, Sailowtech offers¬†sailing as support for low-tech and frugal scientific initiatives¬†and makes¬†scientific research accessible to raise awareness, in order to provide the widest audience with tools for understanding climate issues, without judgment and in respect of the economic and social constraints of each environment.	¬´ Faire r√©sonner la voix de l‚ÄôOc√©an ¬ª, Voici la mission que s‚Äôest fix√©e l‚Äôassociation Sailowtech ! Elle croit au pouvoir du lien entre la d√©couverte, l‚Äôinnovation et l‚Äôesprit d‚Äôaventure pour la pr√©servation de notre bien le plus pr√©cieux : l‚ÄôOc√©an. Concr√®tement, Sailowtech propose la navigation √† la voile comme soutien d‚Äôinitiatives scientifiques frugales et rend accessible la recherche scientifique pour √©veiller les consciences. Elle souhaite apporter au plus grand nombre les outils de compr√©hension des enjeux climatiques, sans jugement et dans le respect des contraintes √©conomiques et sociales de chaque milieu.	sailowtech.png	sailowtech.png	contact@sailowtech.ch
4	Low Tech Lab	https://lowtechlab.unipoly.ch/	What if we imagined more sustainable and locally-based technologies? We could choose to use simpler technologies that don't circumnavigate the planet several times before reaching us. This is the vision of technology advocated by the low-tech movement, as opposed to high-tech. These technologies adhere to three key principles in their design: usefulness, accessibility, and sustainability. The Low-tech Lab Lausanne aims to develop the low-tech approach within the EPFL campus and in the Lausanne region, as well as to support projects that embody a technically sustainable and desirable society.	Et si on imaginait des technologies plus sobres et plus locales ? On pourrait d√©cider d‚Äôutiliser des technologies plus simples, qui ne font pas plusieurs fois le tour de la plan√®te avant d‚Äôarriver chez nous. C‚Äôest la vision de la technologie d√©fendue par le mouvement des low-techs, ou basses technologies, par opposition aux high-techs. Ces technologies r√©pondent √† trois grands principes dans leur conception : utiles, accessibles, durables. Le Low-tech Lab Lausanne a ainsi pour but de d√©velopper la d√©marche low-tech au sein du campus de l‚ÄôEPFL et dans la r√©gion de Lausanne, ainsi que de soutenir des projets incarnant une soci√©t√© techniquement soutenable et souhaitable.	low_tech_lab.png	low_tech_lab.png	
4	Skil	https://www.epfl.ch/labs/skil/en/about/	The Student Kreativity and Innovation Lab (SKIL) is an ENAC initiative, which aims at promoting a new culture at EPFL by encouraging student initiative, creativity, and interdisciplinarity in a workshop environment permitting the realization of hands-on projects. This workshop, officially inaugurated in September 2018, is intended mainly for ENAC students, but is also open to BA and MA students from across EPFL. It supports projects by groups or individual students who wish to develop their own ideas and require a practical learning space.	Le Student Kreativity and Innovation Lab (SKIL) est une initiative de l‚ÄôENAC qui vise √† promouvoir une culture nouvelle √† l‚ÄôEPFL, orient√©e sur l‚Äôinterdisciplinarit√© et la prise d‚Äôinitiative des √©tudiants. Le SKIL soutient les projets, les groupes ou les √©tudiants qui souhaitent d√©velopper leur propre id√©e et recherchent un espace d‚Äôapprentissage pratique. L‚Äôenvironnement d‚Äôatelier de ses locaux et leur √©quipement technique permettent la r√©alisation de tels projets. Inaugur√© officiellement en septembre 2018, le SKIL est en priorit√© destin√© aux √©tudiants de la Facult√© ENAC mais reste ouvert plus largement aux √©tudiants de bachelor et de master de l‚ÄôEPFL.	SKIL_logo.png	SKIL_logo.png	skil@epfl.ch
5	Slow ta carri√®re	https://www.le-bon-sens.ch/slowtacarriere	The ‚ÄúSLOW TA CARRIERE‚Äù professional orientation workshops offer a space for reflection and the development of eco-projects for people wishing to ‚Äúgreen‚Äù their professional life, by proposing an approach where ecological limits and social responsibility are considered as criteria for career choice, in the same way as the professional interests or the personality of the participants.	Les ateliers d‚Äôorientation professionnelle ¬´ SLOW TA CARRIERE ¬ª offrent un espace r√©flexif et d‚Äô√©laboration d‚Äô√©co-projets aux personnes d√©sireuses de ¬´ verdir ¬ª leur vie professionnelle, en proposant une d√©marche o√π les limites √©cologiques et la responsabilit√© sociale sont consid√©r√©es comme des crit√®res de choix d‚Äôorientation, au m√™me titre que les int√©r√™ts professionnels ou la personnalit√© des participant.e.s .	slow_ta_carriere.png	slow_ta_carriere.png	sperdrix@le-bon-sens.ch
5	association d√©bouch√©s durables	https://unipoly.ch/debouches-durables/	D√©bouch√©s Durables is a center of Unipoly which seeks to make issues concerning sustainability visible in the future experiences (professional, associative, etc.) of students. This involves the proposal of articles on the concept of "sustainable outlets", conferences/events in order to feed the reflection on the matter, a database of companies selected in accordance with a charter of values, and a permanent service to listen to students' questions...	D√©bouch√©s Durables est un p√¥le d‚ÄôUnipoly qui cherche √† rendre visible les questions concernant la durabilit√© dans les futures exp√©riences (professionnelles, associatives‚Ä¶) des √©tudiant.e.s. Cela passe par la proposition d‚Äôarticles sur la notion de ¬´ d√©bouch√©s durables ¬ª, des conf√©rences/√©v√©nements afin de nourrir la r√©flexion, une base de donn√©es d‚Äôentreprises s√©lectionn√©es conform√©ment √† une charte de valeurs, une permanence √† l‚Äô√©coute des questionnements des √©tudiant.e.s‚Ä¶	d√©bouch√©s durables.png	d√©bouch√©s durables.png	debouches-durables@unipoly.ch
5	Thrift store UPFashionLab	https://www.facebook.com/upfashionlab/	UpFashionLab is Lausanne's first association dedicated to raising awareness around the fashion industry. The aim is to promote fashion that is shared, recycled and sustainable on campus.	UpFashionLab est la premi√®re association √©tudiante √† Lausanne d√©vou√©e √† la sensibilisation autour de l‚Äôindustrie de la mode. Le but est de promouvoir une mode de partage, de r√©cup√©ration et de durabilit√© sur campus.	UPFL_logo.png	UPFL_logo.png	upfl@unipoly.ch
5	Biblioth√®que d‚Äôobjets	https://www.unil.ch/durable/fr/home/menuinst/campus-durable/projets-estudiantins/biblotheque-dobjets.html	Some of your objects take up space? Don't use them anymore? Are they in good condition? Want to save some space? The library is here! Your objects will have the opportunity to be used and will delight students. It is also possible to lend the objects for a certain time and take them back afterwards. On Wednesday evening from 17pm, the House of Sustainability is open for the loan and reception of objects.	Certains de vos objets prennent de la place ? Vous ne les utilisez plus ? Ils sont en bon √©tat ? Vous souhaitez gagner un peu d'espace ? La biblioth√®que est l√† ! Vos objets auront l'opportunit√© d'√™tre utilis√©s et feront la joie d'√©tudiant¬∑e¬∑s. Il est aussi possible de pr√™ter les objets pendant un certain temps et les reprendre par la suite. Le mercredi soir d√®s 17h, la Maison de la Durabilit√© est ouverte pour le pr√™t et la r√©ception des objets.	biblio-d-objets.png	biblio-d-objets.png	41 765430478
5	Meubl√©co	https://meubleco.unipoly.ch/	Meubl√©co is a project run by the Unipoly association, aiming to promote eco-friendly practices and sustainability at the Unil-EPFL campus. It started in the fall of 2020 with a simple goal: encouraging the reuse of furniture. Meubl√©co allows students to buy and sell second-hand furniture at budget-friendly prices, making sustainable choices accessible to the Unil-EPFL community.	Meubl√©co est un projet men√© par l'association Unipoly, visant √† promouvoir des pratiques respectueuses de l'environnement et le d√©veloppement durable sur le campus de l'Unil-EPFL. Il a d√©but√© √† l'automne 2020 avec un objectif simple : encourager la r√©utilisation des meubles. Meubl√©co permet aux √©tudiants d'acheter et de vendre des meubles d'occasion √† des prix abordables, rendant ainsi les choix durables accessibles √† la communaut√© de l'Unil-EPFL.	meubleco.png	meubleco.png	meubleco@unipoly.ch
5	Fix n‚ÄôReplace	https://unipoly.ch/fix_n_replace-english/	Fix N‚ÄôReplace organizes a series of "Repair Caf√©" events on the UNIL/EPFL campuses. The organization's goal is to combat waste by extending the lifespan of various objects. They aim to promote reuse by providing easy access to repair services and teaching the fundamentals of repairüê£.	Fix N‚ÄôReplace organise une s√©rie d'√©v√©nements "Repair Caf√©" sur les campus de l'UNIL/EPFL. L'objectif de l'organisation est de lutter contre le gaspillage en prolongeant la dur√©e de vie de divers objets. Ils visent √† promouvoir la r√©utilisation en offrant un acc√®s facile √† des services de r√©paration et en enseignant les fondements de la r√©paration üê£.	fix n replace logo.png	fix n replace logo.png	fix.n.replace@unipoly.ch
5	Point v√©lo	https://www.epfl.ch/campus/mobility/mobility-and-travel/commuting/point-velo/	Point V√©lo is a place where EPFL community members can buy new and used bikes and cycling gear at reduced prices, get affordable bike repairs, and attend free bike mechanics classes. These products and services are available only to EPFL community members. You will be asked to present your Campiro card.	Point V√©lo est un lieu o√π les membres de la communaut√© de l'EPFL peuvent acheter des v√©los neufs et d'occasion ainsi que des √©quipements cyclistes √† des prix r√©duits, b√©n√©ficier de r√©parations de v√©lo abordables et participer √† des cours de m√©canique v√©lo gratuits. Ces produits et services sont disponibles uniquement pour les membres de la communaut√© de l'EPFL sur pr√©sentation de la carte CAMIPRO.	point velo title.png	point velo title.png	pointvelo@epfl.ch
5	Point Smart	https://www.epfl.ch/about/sustainability/sustainable-it/point-smart/	Point Smart extends the life of mobile phones by offering a at cost price repair service at the Poseidon premises on the Ecublens campus. This service is available daily from noon to 2 p.m.	Afin de prolonger la dur√©e de vie des t√©l√©phones portables, un service de r√©paration √† prix co√ªtant est offert sur le campus d‚ÄôEcublens tous les jours entre midi et 14 heures dans les locaux de Pos√©idon.	point smart title.png	point smart title.png	pointsmart@epfl.ch
6	Unipoly	https://unipoly.ch/	Unipoly aims to mobilize and initiate discussion on societal topics related to ecology among UNIL and EPFL students. To do this, the association is committed to the various authorities of these schools and it organizes film screenings, conferences, debates and many other projects, through its various poles.	Unipoly vise √† mobiliser et amorcer la discussion sur des sujets soci√©taux li√©s √† l‚Äô√©cologie parmi les √©tudiant¬∑e¬∑x¬∑s de l‚ÄôUNIL et de l‚ÄôEPFL. Pour ce faire, l'association est engag√©e aupr√®s des diff√©rentes instances de ces √©coles et elle organise des projections de films, des conf√©rences, des d√©bats et bien d‚Äôautres projets, √† travers ses diff√©rents p√¥les..	Unipoly_logo.png	Unipoly_logo.png	comite@unipoly.ch
6	Polyquity	https://polyquity.ch/	Polyquity is a commission of AGEPoly, the student association of EPFL. Its main objectives are to provide open discussions on issues of discrimination and to raise awareness on campus about existing discriminations and ways to combat them. To achieve this, it organizes coffee discussions, workshops, and is responsible for the Instagram account "payetonepfl," which exposes and highlights discriminatory situations experienced on the EPFL campus, as well as numerous other projects to make everyday life at EPFL sustainable and inclusive for everyone.	Polyquity est une commission de l‚ÄôAGEPoly, l‚Äôassociation des √©tudiant¬∑x¬∑e¬∑s de l‚ÄôEPFL. Ses objectifs principaux sont d‚Äôoffrir des discussions ouvertes sur les questions de discrimination, ainsi que de sensibiliser le campus sur toutes les discriminations d√©j√† existantes et aux moyens de les combattre. Elle organise pour cela des caf√©s-discussions, des ateliers, et est √† l‚Äôorigine du compte instagram payetonepfl, qui d√©nonce et rend visible les situations discriminatoires v√©cues sur le campus de l‚ÄôEPFL, ainsi que de nombreux autres projets pour rendre le quotidien √† l‚ÄôEPFL durable et viable pour tou¬∑x¬∑te¬∑s. 	polyquity_new.png	polyquity_new.png	eva@unipoly.ch
6	Queermanence	https://www.instagram.com/p/CkHJo0yj14L/	Queermanence aims to be a caring and confidential listening space. This place exists to give an initial warm support but also to help to find a staff (health, social or legal) trained and adapted to your needs. Queermanence's objective is to offer support during challenging times, such as instances of physical or verbal violence, harassment, and gender discrimination, while also providing guidance on gender, sexual, and intimate questions.	Queermanence se veut un espace d'√©coute bienveillant et confidentiel. Ce lieu existe pour apporter un premier soutien chaleureux mais aussi pour aider √† trouver un personnel (sanitaire, social ou juridique) form√© et adapt√© √† vos besoins, afin de vous soutenir dans les moments difficiles tels que : La violence physique ou verbale, le harc√®lement, la discrimination de genre mais aussi de vous accompagner dans vos questionnements sur le genre, la sexualit√© et l'intimit√©.	logo queermanence.png	logo queermanence.png	planqueer@asso-unil.ch
6	Zero Emission Group	https://zeroemission.group/	Zero Emission Group is a student led initiative aimed at raising awareness and working with stakeholders on and beyond the EPFL campus in order to catalyze sustainable action. üåç	Le groupe Z√©ro √âmission est une initiative √©tudiante visant √† sensibiliser et √† collaborer avec les acteurs de l'EPFL sur et au-del√† du campus afin de catalyser des actions durables. üåç	zero_emission_group.png	zero_emission_group.png	
6	Ing√©nieur¬∑e¬∑s du monde	https://www.epfl.ch/campus/associations/list/idm/	Ing√©nieur¬∑e¬∑s du Monde (Engineers of the World) is a student association of EPFL-UNIL. Its objective is to make students aware of being responsible engineers for a fair and sustainable world. This involves informing students about the inequalities in the world, the environmental and ethical problems that exist, and sometimes trying to bring ideas for solutions by collaborating with partners around the world. the association also proposes internships in social sustainability for EPFL and UNIL students.	Ing√©nieur¬∑e¬∑s du Monde est une association d‚Äô√©tudiant¬∑e¬∑s de l‚ÄôEPFL-UNIL. Son objectif est de sensibiliser les √©tudiant¬∑e¬∑s √† √™tre des ing√©nieur¬∑e¬∑s responsables pour un monde √©quitable et durable. Cela passe par renseigner les √©tudiant¬∑e¬∑s sur les in√©galit√©s dans le monde, les probl√®mes environnementaux et √©thiques qui existent, et essayer parfois d‚Äôapporter des id√©es de solutions en collaborant avec des partenaires √† travers le monde. L'association propose aussi des stages en durabilit√© sociale pour les √©tudiant¬∑e¬∑s EPFL-UNIL.	Ing√©nieur_e_s_du_monde 2.png	Ing√©nieur_e_s_du_monde 2.png	zeroemissiongroup@epfl.ch
6	Ing√©nieur¬∑e¬∑s Engag√©.es	https://ingenieurs-engages.org/	The Ing√©nieurs Engag√©s (IE) movement aims to bring together all those who question the role and place of engineers in society. It mainly gathers students and engineers who want to give meaning to their (future) profession, aware of the social and environmental issues that our society must face today.	Le mouvement Ing√©nieur¬∑e¬∑s Engag√©s (IE) a pour but de rassembler toutes les personnes se questionnant sur le r√¥le et la place des ing√©nieur¬∑e¬∑s dans la soci√©t√©. Il r√©unit principalement des √©tudiants et ing√©nieur¬∑es voulant donner du sens √† leur (futur) m√©tier, conscients des probl√©matiques sociales et environnementales auxquelles notre soci√©t√© doit aujourd‚Äôhui faire face.	ie_lausanne.png	ie_lausanne.png	ingenieursdumonde@gmail.com
6	La Convergence	https://laconvergence.ch/	Behind the aegis of La Convergence are jointly united the associations: Ing√©nieur¬∑e¬∑s du Monde, Poliquity, Zero Emission Group, Unipoly, and Planqueer. Their grouping gives them strength for action and the ability to organize more ambitious scale actions thanks to the combination of their experiences, their specializations and the grouping of their members.	Derri√®re l‚Äô√©gide de La Convergence sont r√©unies conjointement les associations : Ing√©nieur¬∑e¬∑s du Monde, Poliquity, Zero Emission Group, Unipoly, et Planqueer . Leur regroupement leur donne force d‚Äôaction et capacit√© √† organiser des actions d‚Äôenvergure plus ambitieuse gr√¢ce √† la combinaison de leurs exp√©riences, de leurs sp√©cialisations et du regroupement de leurs membres.	la convergence.png	la convergence.png	porte-paroles@laconvergence.ch
6	Amnesty des Hautes Ecoles Lausannoises	https://www.unil.ch/associations/causes-sociales	The association Amnesty HEL is dedicated to promoting the defense of human rights on Lausanne campuses by raising student awareness of socio-political and environmental issues. Its activities and actions are organized into five sections: Women's Rights, Environment, International Political News, LGBTQ+, and Asylum and Migration. Within these sections, a wide range of events and actions take place, including conferences, film screenings, workshops, and concrete initiatives. These concrete actions involve fighting against menstrual precariousness on campus, organizing sustainability rallies, setting up a podcast, and conducting waste collections. All of these activities are carried out in a caring and inclusive manner.	L'association Amnesty HEL est d√©di√©e √† la promotion de la d√©fense des droits de l'homme sur les campus de Lausanne en sensibilisant les √©tudiants aux questions socio-politiques et environnementales. Ses activit√©s et actions sont organis√©es en cinq sections : Droits des femmes, Environnement, Actualit√©s politiques internationales, LGBTQ+ et Asile et Migration. Au sein de ces sections, une grande vari√©t√© d'√©v√©nements et d'actions ont lieu, notamment des conf√©rences, des projections de films, des ateliers et des initiatives concr√®tes. Ces actions concr√®tes comprennent la lutte contre la pr√©carit√© menstruelle sur le campus, l'organisation de rassemblements pour la durabilit√©, la cr√©ation d'un podcast et la r√©alisation de collectes de d√©chets. Toutes ces activit√©s sont men√©es de mani√®re bienveillante et inclusive.	amnesty_logo.png	amnesty_logo.png	camil.hamdane@epfl.ch
6	Apiculture	https://unipoly.ch/apiculture-english/	The goal of the Apiculture project is to raise awareness among students and staff on campus about the issue of bee colony collapse disorder and to become familiar with beekeeping. To do this, the project has its own apiary composed of about 5 hives located on the Bassenges farm estate since early 2017 allowing us to learn about beekeeping and produce honey when the bees have decided to do so.	Le but du projet Apiculture est de sensibiliser les √©tudiants et le personnel du campus √† la probl√©matique du syndrome d‚Äôeffondrement des colonies d‚Äôabeilles et de se familiariser avec l‚Äôapiculture. Pour ce faire, le projet poss√®de son propre rucher compos√© d‚Äôenviron 5 ruches situ√© sur le domaine de la ferme de Bassenges depuis d√©but 2017 nous permettant ainsi de s‚Äôinitier √† l‚Äôapiculture et de produire du miel lorsque les abeilles l‚Äôont d√©cid√©.	apiculture.png	apiculture.png	
6	Jardins - Campus farmers	https://unipoly.ch/jardins-campus-farmers/	This project aims to allow students to grow vegetables on their campus in an organic way. Of course it is a learning ground for gardening, but it is also a place where one (re)discovers a relationship with the earth and nature as well as a place for exchange with other students.	Ce projet a pour but de permettre aux √©tudiants de cultiver des l√©gumes sur leur campus de mani√®re biologique. Bien entendu il s‚Äôagit d‚Äôun terrain d‚Äôapprentissage du jardinage, mais c‚Äôest aussi un endroit o√π l‚Äôon (re)d√©couvre une relation avec la terre et la nature ainsi qu‚Äôun lieu d‚Äô√©change avec d‚Äôautres √©tudiants.	jardin_campus_farmers2.png	jardin_campus_farmers2.png	
6	Association des √©tudiant¬∑es v√©gan¬∑es et animalistes	https://unipoly.ch/eva/	EVA is Unipoly's hub representing vegan students and animal rights supporters. It encourages an ethical and animal-friendly lifestyle, and offers the possibility to feed and live as independently as possible from animal exploitation by significantly increasing the vegan offer in the catering places of university campuses. The EVA also wishes to bring together vegan students and people interested in veganism and animalism in a community focused on discussion and offer support and advice to students and collaborators wishing to adopt a vegan lifestyle.	EVA est le p√¥le d'Unipoly repr√©sentant les √©tudiants v√©ganes et animalistes. Il encourage un mode de vie √©thique et respectueux des animaux, et offre la possibilit√© de se nourrir et de vivre aussi ind√©pendamment que possible de l'exploitation animale en augmentant de mani√®re significative l'offre v√©g√©talienne dans les lieux de restauration des campus universitaires. L‚ÄôEVA souhaite √©galement rassembler les √©tudiant¬∑e¬∑s v√©ganes et personnes int√©ress√©es par le v√©ganisme et l‚Äôanimalisme au sein d‚Äôune communaut√© tourn√©e vers la discussion ainsi qu‚Äôoffrir support et conseils aux √©tudiant¬∑e¬∑s et collaborateur¬∑rice¬∑s souhaitant adopter un mode de vie v√©gane.	EVA.png	EVA.png	info@fermedebassenges.ch
6	Drag Lab	https://www.epfl.ch/campus/associations/list/asar/drag-lab/	People studying, teaching or working at EPFL promoting parity and diversity in the architecture school through readings and discussions.	Des √©tudiant, enseignant ou personnes travaillant √† l'EPFL promouvant la parit√© et la diversit√© au sein de l'√©cole d'architecture √† travers des lectures et des d√©bats.	drag_lab.png	drag_lab.png	
6	PlanQueer	https://www.epfl.ch/campus/associations/list/planqueer/	PlanQueer is the LGBTQ+ student association of UNIL and EPFL, which work towards better recognition, visibility and protection for queer students on and out of campus, by organising events ranging from small, chill meetups to full on parties with queer artists! Beyond the fun part, they also provide queer students with individual support, and work hard to push the institutions towards a better recognition and support of queer realities. 	On est PlanQueer, l‚Äôassociation queer EPFL-Unil. On se bat pour les personnes queer sur les campus (repr√©sentation, droits, contre les discriminations, etc.), on partage des infos sur le sujet et surtout, on organise des events, des soir√©es, des collabs, des conf√©rences, et plein d‚Äôautres trucs!	planqueer.png	planqueer.png	polyquity@agepoly.ch
6	Focus Sustainability	www.focus-sustainability.ch	Focus Sustainability is the national centre that supports and inspires students in Switzerland to become (more) committed to sustainability. A partner of EPFL since 2022, Focus Sustainability offers a range of student activities, including online and face-to-face workshops on sustainability topics, enabling students to discover new methodologies, develop their skills on a subject or network with other committed students in Switzerland. Focus Sustainability also offers a BOOST programme that supports students who have an idea, a project or who are part of an association with personalised coaching and workshops linked to the development of a project. On its website, Focus Sustainability provides a resource centre called the Knowledge Hub, containing useful information for students interested in becoming involved in sustainability, as well as a platform for professional involvement opportunities such as jobs, internships and volunteering.	Focus Sustainability est le centre national qui soutient et inspire les √©tudiant.es en Suisse √† s'engager (davantage) en faveur de la durabilit√©. Partenaire de l'EPFL depuis 2022, Focus Sustainability propose diverses offres pour les √©tudiant.es, notamment des ateliers en ligne et en personne sur des sujets li√©s √† la durabilit√©, permettant aux √©tudiant.es de d√©couvrir de nouvelles m√©thodologies, de d√©velopper leurs comp√©tences sur un sujet ou de r√©seauter avec d'autres √©tudiant.es engag√©.es en Suisse. Focus Sustainability propose √©galement un programme BOOST qui accompagne les √©tudiant.es qui ont une id√©e, un projet ou qui font partie d'une association gr√¢ce √† du coaching personnalis√© et des ateliers li√©s au d√©veloppement d'un projet. Sur son site web, Focus Sustainability met √† disposition un centre de ressources appel√© Knowledge Hub, regroupant des informations utiles pour les √©tudiant.es int√©ress√©.es par l'engagement en faveur de la durabilit√© ainsi qu'une plateforme d'opportunit√©s d'engagement professionnel telles que des emplois, des stages ou du b√©n√©volat.	FoSu.png	FoSu.png	